node1+0,1650355577.5751526,1650355578.0317879,48525
node6+0,1650355577.7271957,1650355578.4900157,97586
node8+0,1650355577.6257422,1650355578.4931543,97586
node1+2,1650355577.727785,1650355578.4968214,97586
node2+0,1650355577.6769986,1650355578.500046,97586
node4+0,1650355577.6768115,1650355578.5564733,106672
node8+2,1650355577.7791777,1650355578.5606415,106672
node1+3,1650355577.8295672,1650355578.5651135,106672
node6+3,1650355577.8799129,1650355578.5696728,106672
node4+2,1650355577.778798,1650355578.5746632,106672
node3+0,1650355577.8289316,1650355578.5793207,106672
node5+0,1650355577.5750184,1650355578.688861,114962
node8+4,1650355577.8804727,1650355579.4450533,195717
node7+0,1650355577.8794644,1650355579.451091,195717
node5+2,1650355577.6255178,1650355579.4583685,195717
node1+7,1650355578.030981,1650355579.4642928,195717
node7+2,1650355577.980301,1650355579.4707587,195717
node8+6,1650355577.981509,1650355579.4774919,195717
node2+7,1650355577.981426,1650355579.4834223,195717
node5+4,1650355577.676409,1650355579.488864,195717
node1+9,1650355578.1321902,1650355579.4943802,195717
node8+10,1650355578.187528,1650355579.5003035,195717
node7+5,1650355578.1323497,1650355579.5077941,195717
node6+10,1650355578.2338464,1650355579.5165405,195717
node3+7,1650355578.1876996,1650355579.5238256,195717
node1+12,1650355578.2852979,1650355580.4678347,300498
node6+13,1650355578.3872352,1650355580.4746933,300498
node8+13,1650355578.3397238,1650355580.4822347,300498
node3+10,1650355578.340445,1650355580.4877448,300498
node4+15,1650355578.4376748,1650355580.698683,319526
node6+16,1650355578.5537066,1650355580.7043326,319526
node1+16,1650355578.5019097,1650355580.711717,319526
node8+16,1650355578.502203,1650355580.719056,319526
node4+17,1650355578.5532055,1650355580.7243085,319526
node6+19,1650355578.7318275,1650355580.7301648,319526
node5+16,1650355577.895434,1650355580.7359538,319526
node1+19,1650355578.7049336,1650355580.7414992,319526
node8+19,1650355578.7050881,1650355580.7483518,319526
node4+20,1650355578.7566836,1650355580.7695498,319526
node3+20,1650355578.9066231,1650355580.7914996,319526
node4+23,1650355578.9104934,1650355580.8100207,319526
node7+21,1650355579.0130002,1650355580.8280506,319526
node1+24,1650355578.9619627,1650355580.8448918,319526
node8+25,1650355579.0094697,1650355580.858106,319526
node7+23,1650355579.1152139,1650355580.8694596,319526
node2+26,1650355579.012816,1650355580.8775609,319526
node4+28,1650355579.165856,1650355581.9701564,444544
node1+30,1650355579.2676501,1650355581.9885273,444544
node7+27,1650355579.3171709,1650355582.0069768,445568
node2+30,1650355579.214811,1650355582.0220232,445568
node4+30,1650355579.2664056,1650355582.034283,445568
node5+30,1650355578.4031267,1650355582.4627748,494577
node1+33,1650355579.4201677,1650355582.4764109,494577
node7+29,1650355579.418618,1650355582.4953675,494577
node7+32,1650355579.629289,1650355582.5112731,494577
node5+34,1650355578.5473168,1650355582.5262911,494577
node6+39,1650355579.8359098,1650355583.159473,563689
node8+39,1650355579.7799032,1650355583.4593592,591066
node6+41,1650355579.942385,1650355583.4693892,591066
node4+39,1650355579.7844965,1650355583.47733,591066
node1+42,1650355579.9421463,1650355583.4848247,591066
node8+41,1650355579.8808894,1650355583.4917517,591066
node2+41,1650355579.8366468,1650355583.4993951,591066
node4+40,1650355579.836019,1650355583.5082448,591066
node3+40,1650355580.000299,1650355583.517274,591066
node1+43,1650355580.0006347,1650355583.5250995,591066
node7+39,1650355580.0013483,1650355583.533001,591066
node8+46,1650355580.1495264,1650355583.5405815,591066
node3+42,1650355580.1024778,1650355583.5480375,591066
node2+45,1650355580.0551984,1650355583.5607114,591066
node8+49,1650355580.3018928,1650355583.576826,591066
node1+47,1650355580.20433,1650355583.5917401,591066
node8+51,1650355580.4031115,1650355584.4259946,689699
node7+47,1650355580.4110837,1650355584.4343526,689699
node6+52,1650355580.5068386,1650355584.4414115,689699
node2+51,1650355580.3599741,1650355584.8706098,732471
node3+49,1650355580.457556,1650355584.8819,732471
node5+52,1650355579.3167725,1650355584.8923974,732471
node8+57,1650355580.8794088,1650355585.108033,753473
node1+57,1650355580.8798163,1650355585.3255124,774683
node2+57,1650355580.664797,1650355585.3392637,774683
node7+54,1650355580.9875813,1650355585.5121796,788823
node4+58,1650355580.9835997,1650355585.5320423,788823
node6+59,1650355581.0367296,1650355585.546844,788823
node5+57,1650355579.6527808,1650355585.558225,788823
node8+61,1650355581.0861256,1650355585.5679727,788823
node7+56,1650355581.0907562,1650355585.5750563,788823
node1+61,1650355581.0894969,1650355585.583827,788823
node5+58,1650355579.7036896,1650355585.5915468,788823
node8+63,1650355581.1872754,1650355585.5995388,788823
node4+61,1650355581.1371229,1650355585.609302,788823
node7+58,1650355581.1915345,1650355585.9924483,834033
node6+64,1650355581.2893276,1650355586.104898,846705
node4+62,1650355581.1874247,1650355586.1154957,846705
node8+65,1650355581.2886562,1650355586.1300933,846705
node7+60,1650355581.2923975,1650355586.138201,846705
node8+66,1650355581.3398345,1650355586.1462953,846705
node7+61,1650355581.3428073,1650355586.156861,846705
node4+66,1650355581.3905065,1650355586.1691413,846705
node5+64,1650355579.8529587,1650355586.1829164,846705
node1+68,1650355581.4421918,1650355586.1912417,846705
node1+69,1650355581.4930506,1650355586.2005906,846705
node4+68,1650355581.4920757,1650355586.2089403,846705
node3+68,1650355581.5984342,1650355586.2320156,846705
node5+66,1650355579.903898,1650355587.1758916,953986
node4+70,1650355581.5951924,1650355587.1930013,953986
node6+72,1650355581.6972904,1650355587.213058,953986
node8+76,1650355581.8504927,1650355587.2323475,953986
node3+71,1650355581.7511356,1650355587.2489088,953986
node6+74,1650355581.7981234,1650355587.2642782,953986
node2+76,1650355581.801495,1650355587.6836054,1000680
node1+77,1650355581.9036903,1650355588.0148234,1035694
node6+79,1650355582.0883062,1650355588.0320828,1035694
node8+79,1650355582.036096,1650355588.0469036,1035694
node4+77,1650355581.9534838,1650355588.0656655,1035694
node4+79,1650355582.0884402,1650355588.088692,1035694
node2+80,1650355582.0865679,1650355588.104927,1035694
node8+81,1650355582.1411304,1650355588.121801,1035694
node2+82,1650355582.1896188,1650355588.140518,1035694
node3+80,1650355582.2942774,1650355588.1574974,1035694
node1+82,1650355582.2395835,1650355588.1741576,1035694
node3+81,1650355582.3452117,1650355588.1924257,1035694
node5+80,1650355580.4289198,1650355588.2145188,1035694
node1+84,1650355582.3411348,1650355588.2352443,1035694
node8+86,1650355582.397395,1650355588.2552674,1035694
node3+83,1650355582.4468827,1650355588.2814999,1035694
node1+86,1650355582.4418254,1650355588.3123958,1035694
node8+88,1650355582.5287576,1650355588.3353345,1035694
node5+84,1650355580.6954274,1650355588.3554153,1035694
node3+87,1650355582.684819,1650355589.1926842,1138780
node6+91,1650355582.781486,1650355589.2044885,1138780
node1+90,1650355582.6847239,1650355589.5024114,1173094
node5+87,1650355580.9325972,1650355589.5184176,1173094
node8+94,1650355582.8414364,1650355589.7350066,1195284
node4+91,1650355582.7376766,1650355589.7485986,1195284
node5+89,1650355580.985632,1650355589.7614565,1195284
node5+91,1650355581.0362437,1650355589.7725217,1195284
node6+97,1650355583.0848584,1650355589.7804585,1195284
node6+98,1650355583.1357286,1650355589.7893662,1195284
node4+97,1650355583.0445354,1650355589.7984054,1195284
node8+98,1650355583.0495372,1650355589.8085597,1195284
node3+99,1650355583.300261,1650355589.8169653,1195284
node5+100,1650355581.202894,1650355590.7451048,1290810
node8+101,1650355583.2112558,1650355590.7550185,1290810
node5+101,1650355581.2578714,1650355590.765184,1290810
node6+104,1650355583.438713,1650355591.1345408,1325327
node2+104,1650355583.3622632,1650355591.144719,1325327
node8+104,1650355583.3625932,1650355591.153126,1325327
node1+106,1650355583.644014,1650355591.368723,1348581
node7+101,1650355583.6445143,1650355591.3786106,1348581
node8+106,1650355583.5939567,1650355591.3899493,1348581
node1+108,1650355583.7474012,1650355591.397475,1348581
node4+110,1650355583.8525462,1650355591.709972,1381516
node7+105,1650355583.8521118,1650355591.720356,1381516
node3+109,1650355583.954911,1650355591.7318568,1381516
node8+111,1650355583.8501847,1650355592.0982518,1422459
node7+108,1650355584.0064812,1650355592.1080754,1422459
node4+112,1650355583.9564614,1650355592.116246,1422459
node2+112,1650355583.9052517,1650355592.1251805,1422459
node3+113,1650355584.1569324,1650355592.136953,1422459
node4+115,1650355584.1098084,1650355592.1452606,1422459
node1+117,1650355584.2120621,1650355592.1532495,1422459
node6+116,1650355584.2116344,1650355592.1607585,1422459
node5+115,1650355581.7964995,1650355592.1699622,1422459
node6+118,1650355584.263752,1650355592.1785097,1422459
node4+119,1650355584.3150578,1650355592.1899393,1422459
node8+120,1650355584.3078897,1650355592.2008402,1422459
node3+117,1650355584.3596396,1650355592.2114532,1422459
node2+118,1650355584.2121825,1650355592.2220259,1422459
node8+121,1650355584.3584533,1650355592.2338161,1422459
node6+122,1650355584.4663134,1650355592.2529738,1422459
node5+120,1650355581.9528491,1650355592.2821333,1422459
node4+123,1650355584.5446742,1650355592.3099327,1422459
node3+122,1650355584.6127093,1650355592.334597,1422459
node1+124,1650355584.5970075,1650355594.081961,1615849
node6+123,1650355584.5171645,1650355594.0928392,1615849
node5+123,1650355582.0604808,1650355594.1033669,1615849
node6+127,1650355584.7208278,1650355594.4206285,1651395
node2+126,1650355584.6478224,1650355594.433496,1651395
node3+126,1650355584.8164413,1650355594.4458203,1651395
node2+128,1650355584.7492185,1650355594.4571118,1651395
node8+132,1650355584.9456558,1650355594.8281124,1686591
node2+133,1650355585.045075,1650355595.5019941,1752157
node2+135,1650355585.162453,1650355595.5100398,1752157
node3+134,1650355585.2667007,1650355595.5208309,1752157
node8+137,1650355585.215581,1650355595.5308597,1752157
node4+139,1650355585.3966336,1650355595.5384867,1752157
node1+141,1650355585.662958,1650355595.549311,1752157
node5+139,1650355582.6991,1650355595.557268,1752157
node8+142,1650355585.610945,1650355595.568,1752157
node2+141,1650355585.6111562,1650355595.5784302,1752157
node4+144,1650355585.7675838,1650355596.8212562,1881348
node5+142,1650355582.7930171,1650355597.1053505,1909348
node8+145,1650355585.770479,1650355597.3305984,1934445
node6+145,1650355585.8224003,1650355597.3468375,1934445
node4+145,1650355585.819702,1650355597.4718406,1950512
node2+145,1650355585.820843,1650355597.5668924,1959633
node1+147,1650355585.9760206,1650355597.5772266,1959633
node7+142,1650355585.9232097,1650355597.5853271,1959633
node5+144,1650355582.9829683,1650355597.5945716,1959633
node3+144,1650355585.927578,1650355597.60751,1959633
node2+146,1650355585.8715506,1650355597.6188428,1959633
node7+145,1650355586.0758617,1650355597.687527,1970000
node2+149,1650355586.0247285,1650355597.6977434,1970000
node3+149,1650355586.339455,1650355597.7083812,1970000
node4+152,1650355586.2864013,1650355597.8423672,1986891
node2+152,1650355586.2850356,1650355597.8581123,1986891
node6+153,1650355586.3881166,1650355597.8684773,1986891
node8+153,1650355586.2867117,1650355597.8800511,1986891
node3+151,1650355586.4429686,1650355597.8955276,1986891
node7+150,1650355586.4434342,1650355598.1379027,2016356
node4+155,1650355586.4402885,1650355598.2555509,2027934
node3+152,1650355586.495552,1650355598.26402,2027934
node4+157,1650355586.5429573,1650355598.2743444,2027934
node5+154,1650355583.5134149,1650355598.283337,2027934
node3+154,1650355586.5963426,1650355598.2932725,2027934
node1+156,1650355586.5471451,1650355598.3030758,2027934
node2+157,1650355586.5426686,1650355598.3116856,2027934
node7+153,1650355586.59854,1650355598.3201528,2027934
node1+157,1650355586.5984137,1650355598.3342936,2027934
node2+158,1650355586.594083,1650355598.354736,2027934
node7+155,1650355586.700037,1650355598.3764813,2027934
node5+158,1650355583.6455457,1650355598.3975327,2027934
node7+158,1650355586.8544843,1650355598.4174745,2027934
node4+161,1650355586.7484965,1650355598.4345667,2027934
node5+159,1650355583.7220185,1650355598.457705,2027934
node1+161,1650355586.802838,1650355598.4903383,2027934
node4+163,1650355586.849781,1650355598.5049665,2027934
node5+161,1650355583.8430703,1650355599.9602084,2184813
node6+164,1650355586.9573052,1650355599.9759252,2184813
node7+162,1650355587.0584676,1650355599.9902174,2184813
node6+165,1650355587.0089173,1650355600.0029507,2184813
node3+164,1650355587.1111765,1650355600.0177386,2184813
node2+167,1650355587.0575886,1650355600.0323336,2184813
node6+168,1650355587.2659538,1650355600.0459135,2184813
node5+165,1650355583.8942518,1650355600.0605516,2184813
node5+169,1650355583.993723,1650355600.7017913,2251863
node4+171,1650355587.317962,1650355600.718049,2251863
node3+167,1650355587.3713658,1650355600.7433453,2251863
node8+171,1650355587.3194127,1650355600.765,2251863
node3+169,1650355587.4742203,1650355600.7909896,2251863
node2+172,1650355587.3690007,1650355600.818223,2251863
node4+172,1650355587.3689246,1650355600.845117,2251863
node3+171,1650355587.5772586,1650355600.8715093,2251863
node6+173,1650355587.5250444,1650355600.90468,2251863
node7+171,1650355587.577979,1650355601.5390775,2325729
node6+176,1650355587.6860337,1650355601.5549717,2325729
node8+176,1650355587.5771396,1650355601.7756603,2349067
node4+176,1650355587.5740438,1650355601.7879298,2349067
node6+178,1650355587.7933788,1650355601.8032315,2349067
node3+176,1650355587.8484864,1650355601.8169222,2349067
node1+179,1650355587.8380308,1650355601.8390067,2349067
node8+179,1650355587.7412603,1650355601.85919,2349067
node6+181,1650355587.9514232,1650355602.1787047,2383514
node1+181,1650355587.939048,1650355602.189059,2383514
node7+178,1650355587.9479702,1650355602.2000072,2383514
node3+179,1650355588.3590398,1650355602.2116055,2383514
node8+183,1650355587.9501367,1650355602.479655,2410793
node1+184,1650355588.4113574,1650355602.7633116,2440382
node2+184,1650355588.357707,1650355602.775629,2440382
node3+182,1650355588.5175407,1650355602.786304,2440382
node8+186,1650355588.464199,1650355602.7982426,2440382
node4+185,1650355588.4076374,1650355602.8156817,2440382
node3+185,1650355588.673948,1650355602.8347013,2440382
node2+187,1650355588.5101333,1650355602.8451607,2440382
node1+190,1650355588.7250962,1650355602.8777401,2440382
node4+188,1650355588.559956,1650355602.9003055,2440382
node1+191,1650355588.7782514,1650355602.9132493,2440382
node7+186,1650355588.6670117,1650355602.9274578,2440382
node8+191,1650355588.7203224,1650355602.941793,2440382
node6+190,1650355588.7783434,1650355602.95723,2440382
node1+192,1650355588.8310256,1650355604.217426,2568510
node5+189,1650355584.7724686,1650355604.2356071,2568510
node2+192,1650355588.7670364,1650355604.2517722,2568510
node1+194,1650355588.9345949,1650355604.2690597,2568510
node4+192,1650355588.767484,1650355604.291577,2568510
node7+190,1650355588.871857,1650355604.3126109,2568510
node5+192,1650355585.015638,1650355604.802788,2618742
node6+194,1650355588.9835265,1650355604.834649,2618742
node8+195,1650355588.925666,1650355604.8515,2618742
node2+195,1650355588.9199584,1650355604.869821,2618742
node3+192,1650355589.0374486,1650355604.8961957,2618742
node1+196,1650355589.036194,1650355604.9110742,2618742
node7+192,1650355588.9735696,1650355604.9232929,2618742
node2+196,1650355588.9714046,1650355604.9407065,2618742
node6+196,1650355589.0852504,1650355604.9565842,2618742
node4+196,1650355588.9737341,1650355605.2108836,2650986
node8+198,1650355589.0772872,1650355605.225226,2650986
node7+193,1650355589.0243871,1650355605.249347,2650986
node5+195,1650355585.1710815,1650355605.2721863,2650986
node6+197,1650355589.13587,1650355605.2920861,2650986
node1+199,1650355589.2058096,1650355605.334936,2650986
node2+198,1650355589.0735376,1650355605.3674955,2650986
node8+199,1650355589.128657,1650355605.398178,2650986
node3+196,1650355589.258414,1650355605.4302385,2650986
node4+198,1650355589.0764506,1650355605.4747293,2650986
node1+200,1650355589.2576535,1650355605.5059433,2650986
node7+195,1650355589.1253514,1650355605.5303738,2650986
node1+201,1650355589.3097773,1650355605.557423,2650986
node5+198,1650355585.3027508,1650355605.57909,2650986
node3+198,1650355589.3622797,1650355605.5927474,2650986
node6+202,1650355589.4121811,1650355605.6051276,2650986
node2+200,1650355589.1760998,1650355605.6203582,2650986
node7+199,1650355589.3312705,1650355605.6449513,2650986
node6+203,1650355589.4633183,1650355605.6637344,2650986
node3+200,1650355589.46364,1650355605.6794,2650986
node6+204,1650355589.5219164,1650355605.6986234,2650986
node4+203,1650355589.3347232,1650355605.7166653,2650986
node7+201,1650355589.434107,1650355605.733487,2650986
node4+205,1650355589.437902,1650355606.7687345,2772389
node3+203,1650355589.6309505,1650355606.7782216,2772389
node2+205,1650355589.4342146,1650355606.79915,2772389
node1+207,1650355589.6321232,1650355607.0278516,2796427
node6+208,1650355589.818569,1650355607.0421817,2796427
node4+208,1650355589.6319835,1650355607.057761,2796427
node3+206,1650355589.8728826,1650355607.076685,2796427
node2+207,1650355589.5709584,1650355607.0906253,2796427
node4+210,1650355589.8193767,1650355607.6752348,2860666
node7+208,1650355589.8735135,1650355607.7092834,2860666
node8+213,1650355589.9816887,1650355607.7270815,2860666
node3+209,1650355590.031259,1650355607.7414796,2860666
node5+210,1650355585.9271224,1650355607.7582717,2860666
node4+211,1650355589.8729875,1650355607.7740152,2860666
node3+211,1650355590.1347518,1650355608.10855,2896622
node4+214,1650355590.0284696,1650355608.3339846,2918140
node5+213,1650355585.9774845,1650355608.3459275,2918140
node8+217,1650355590.1867092,1650355608.3575976,2918140
node4+215,1650355590.0795612,1650355608.3743918,2918140
node3+212,1650355590.1887956,1650355608.3836894,2918140
node7+214,1650355590.1841257,1650355608.4027343,2918140
node5+215,1650355586.044033,1650355608.4170272,2918140
node5+217,1650355586.1641726,1650355608.4338622,2918140
node5+218,1650355586.2843912,1650355608.4504237,2918140
node5+222,1650355586.335369,1650355608.4664798,2918140
node3+224,1650355590.8223732,1650355609.951634,3073990
node1+227,1650355590.7692132,1650355609.967584,3073990
node6+228,1650355590.8766515,1650355609.981215,3073990
node4+227,1650355590.6990855,1650355609.9940124,3073990
node5+225,1650355586.406393,1650355610.0037954,3073990
node8+231,1650355590.9298592,1650355610.0154097,3073990
node8+233,1650355591.0343106,1650355610.0316234,3073990
node5+229,1650355586.4569197,1650355610.4099667,3114415
node6+233,1650355591.1546104,1650355610.427303,3114415
node8+235,1650355591.1549041,1650355610.446855,3114415
node5+231,1650355586.5072336,1650355610.4647915,3114415
node6+236,1650355591.3160686,1650355610.47972,3114415
node1+236,1650355591.260599,1650355610.4982183,3114415
node7+234,1650355591.2599359,1650355610.5137749,3114415
node1+237,1650355591.3156536,1650355610.5313432,3114415
node2+238,1650355591.3061142,1650355610.5484316,3114415
node7+238,1650355591.5081632,1650355610.5649185,3114415
node1+241,1650355591.5588293,1650355610.5833,3114415
node8+243,1650355591.6052213,1650355610.595336,3114415
node3+239,1650355591.6631393,1650355610.615404,3114415
node2+241,1650355591.4995275,1650355610.6476612,3114415
node7+239,1650355591.5596426,1650355610.6717408,3114415
node6+243,1650355591.734254,1650355610.6967275,3114415
node2+242,1650355591.5502193,1650355610.7141201,3114415
node3+241,1650355591.7884574,1650355610.7627344,3114415
node1+243,1650355591.6618888,1650355610.7985249,3114415
node7+243,1650355591.789073,1650355610.826195,3114415
node4+245,1650355591.7352755,1650355610.8549652,3114415
node1+246,1650355591.842315,1650355612.7299027,3311882
node8+249,1650355591.9405317,1650355612.9230292,3329494
node3+245,1650355591.997083,1650355612.9783454,3329494
node8+250,1650355591.992019,1650355613.0242379,3329494
node7+245,1650355591.8944647,1650355613.0543473,3329494
node4+248,1650355591.894908,1650355613.0740113,3329494
node2+248,1650355591.886154,1650355613.0897672,3329494
node2+249,1650355591.936801,1650355613.1061904,3329494
node6+253,1650355592.5041056,1650355613.1209474,3329494
node7+248,1650355592.0489182,1650355613.718872,3393413
node5+248,1650355587.0824773,1650355613.743068,3393413
node4+251,1650355592.0525992,1650355613.7592323,3393413
node3+253,1650355592.664984,1650355614.2123044,3441020
node4+254,1650355592.4488103,1650355614.237455,3441020
node2+254,1650355592.4388409,1650355614.2504709,3441020
node4+256,1650355592.5570633,1650355614.6312978,3479844
node7+254,1650355592.6103554,1650355614.647404,3479844
node1+258,1650355592.7179682,1650355614.8644106,3501215
node5+256,1650355587.4677083,1650355615.043686,3517308
node8+260,1650355592.824278,1650355615.058565,3517308
node2+258,1650355592.6431565,1650355615.0714335,3517308
node7+257,1650355592.7717733,1650355615.0821025,3517308
node4+259,1650355592.718229,1650355615.1059892,3517308
node8+263,1650355592.9280996,1650355615.1191185,3517308
node6+263,1650355593.02154,1650355615.135412,3517308
node2+260,1650355592.7453449,1650355615.8150957,3584284
node7+260,1650355592.9277182,1650355615.837019,3584284
node1+263,1650355592.9798203,1650355616.123901,3610919
node6+266,1650355593.1740777,1650355616.1541622,3610919
node6+267,1650355593.2252855,1650355616.3514326,3627145
node1+266,1650355593.1337552,1650355616.551842,3639166
node8+269,1650355593.2393584,1650355616.5866604,3639166
node7+264,1650355593.1334887,1650355616.6304777,3639166
node5+266,1650355587.8316696,1650355616.675929,3639166
node5+269,1650355587.9240282,1650355616.72562,3639166
node8+272,1650355593.3936791,1650355616.7473238,3639166
node2+271,1650355593.3088486,1650355616.76363,3639166
node4+271,1650355593.3384295,1650355616.7777534,3639166
node6+275,1650355593.6322956,1650355616.794,3639166
node3+273,1650355593.6870067,1650355617.0194747,3639166
node1+277,1650355593.702728,1650355617.0433197,3639166
node3+274,1650355593.737728,1650355617.0792487,3639166
node5+274,1650355588.1630082,1650355617.110437,3639166
node8+277,1650355593.6539237,1650355617.1410632,3639166
node2+277,1650355593.613611,1650355617.1539114,3639166
node1+278,1650355593.7536159,1650355617.1767862,3639166
node6+277,1650355593.7346613,1650355617.1899636,3639166
node1+280,1650355593.854714,1650355617.2016425,3639166
node5+278,1650355588.4092238,1650355617.2192445,3639166
node1+281,1650355593.9057748,1650355617.236206,3639166
node7+277,1650355593.808847,1650355617.2531564,3639166
node8+281,1650355593.860542,1650355617.2680373,3639166
node4+282,1650355593.900863,1650355619.4563866,3868333
node5+280,1650355588.4598384,1650355619.4685144,3868333
node3+279,1650355593.9911106,1650355619.4814892,3868333
node7+279,1650355593.912416,1650355619.492986,3868333
node8+283,1650355593.9624407,1650355619.5029366,3868333
node1+284,1650355594.0586,1650355619.5226831,3868333
node4+284,1650355594.002928,1650355619.545348,3868333
node1+285,1650355594.1100066,1650355620.1541798,3931746
node3+281,1650355594.1047812,1650355620.183661,3931746
node4+285,1650355594.0538185,1650355620.2295647,3931746
node6+284,1650355594.1046464,1650355620.251903,3931746
node8+286,1650355594.117319,1650355620.2694154,3931746
node3+283,1650355594.20931,1650355620.561598,3954657
node8+289,1650355594.2728043,1650355620.7006252,3967026
node7+284,1650355594.1683657,1650355620.7232137,3967026
node4+290,1650355594.312479,1650355620.7364416,3967026
node1+288,1650355594.2633357,1650355620.7606177,3967026
node1+290,1650355594.3660767,1650355621.1979322,4015298
node3+286,1650355594.364764,1650355621.2181857,4015298
node5+295,1650355588.888494,1650355622.0777123,4090935
node1+295,1650355594.6699736,1650355622.1062827,4090935
node2+295,1650355594.6117477,1650355622.140587,4090935
node4+299,1650355594.832436,1650355622.1771555,4090935
node1+296,1650355594.7204766,1650355622.1965928,4090935
node2+297,1650355594.7654965,1650355622.213955,4090935
node2+300,1650355594.8798835,1650355623.2434778,4172352
node5+303,1650355589.022278,1650355623.2591736,4172352
node8+307,1650355595.2542362,1650355623.6901555,4212497
node2+306,1650355595.1882222,1650355623.7013054,4212497
node4+310,1650355595.4161277,1650355624.1430857,4251585
node5+311,1650355589.0875654,1650355624.1614861,4251585
node3+311,1650355595.7897387,1650355624.1778283,4252609
node8+313,1650355595.63384,1650355624.8447025,4313943
node2+318,1650355595.885855,1650355624.8554132,4313943
node8+318,1650355595.8962865,1650355624.8727188,4313943
node4+321,1650355596.0528357,1650355624.8947067,4313943
node3+322,1650355596.3551583,1650355625.7733195,4399844
node2+322,1650355596.089964,1650355625.794063,4399844
node1+323,1650355596.1994345,1650355625.8197515,4399844
node2+325,1650355596.2418091,1650355625.842131,4399844
node4+325,1650355596.2579134,1650355625.8614213,4399844
node8+328,1650355596.4123495,1650355626.7015762,4485253
node1+329,1650355596.5054553,1650355626.9693503,4508269
node3+328,1650355596.662842,1650355626.9916375,4508269
node6+329,1650355596.5599205,1650355627.0285656,4508269
node7+328,1650355596.5591822,1650355627.048457,4508269
node6+331,1650355596.662962,1650355627.0733593,4508269
node8+331,1650355596.5659356,1650355627.0988357,4508269
node5+331,1650355589.5915835,1650355627.1471627,4508269
node2+333,1650355596.651635,1650355627.8191385,4574517
node3+332,1650355596.873858,1650355627.842483,4574517
node4+335,1650355596.7741058,1650355628.231097,4616652
node5+335,1650355589.7999637,1650355628.2488773,4616652
node4+337,1650355596.8760395,1650355628.2674696,4616652
node7+337,1650355597.034017,1650355628.2992175,4616652
node3+338,1650355597.1815398,1650355628.319649,4616652
node4+341,1650355597.085778,1650355628.3389616,4616652
node3+340,1650355597.2832263,1650355628.3669338,4616652
node5+341,1650355589.951762,1650355629.307546,4707460
node6+342,1650355597.2641253,1650355629.3268206,4707460
node1+344,1650355597.2809951,1650355629.3422034,4707460
node6+343,1650355597.3996878,1650355629.3605716,4707460
node8+344,1650355597.2639966,1650355629.8269398,4741326
node6+345,1650355597.4508913,1650355629.852511,4741326
node7+345,1650355597.4547908,1650355629.8758779,4741326
node3+346,1650355597.621996,1650355630.1511405,4766701
node5+346,1650355590.1041965,1650355630.1720748,4766701
node5+348,1650355590.176141,1650355630.380755,4782283
node7+347,1650355597.556035,1650355630.3994439,4782283
node2+350,1650355597.6214676,1650355630.4363117,4782283
node1+350,1650355597.6770265,1650355630.482128,4782283
node6+350,1650355597.7600534,1650355630.519437,4782283
node3+349,1650355597.776748,1650355630.5412893,4782283
node2+352,1650355597.7243757,1650355630.6039097,4782283
node4+352,1650355597.7234473,1650355630.6443255,4782283
node8+352,1650355597.7315216,1650355630.6850684,4782283
node7+350,1650355597.7299616,1650355630.7148533,4782283
node2+353,1650355597.7768872,1650355630.7321348,4782283
node8+353,1650355597.7868466,1650355630.7536075,4782283
node2+354,1650355597.8296416,1650355630.769598,4782283
node3+352,1650355598.0021324,1650355632.0899074,4910354
node4+355,1650355597.9470735,1650355632.1143916,4910354
node6+355,1650355598.0609758,1650355632.13319,4910354
node2+356,1650355598.0005786,1650355632.1560552,4910354
node3+354,1650355598.10648,1650355632.1746597,4910354
node1+356,1650355598.0594494,1650355632.5886068,4945634
node8+356,1650355598.0074942,1650355632.6187825,4945634
node4+357,1650355598.0499823,1650355632.645698,4945634
node8+357,1650355598.0647795,1650355632.668213,4945634
node7+356,1650355598.1215723,1650355632.6927662,4945634
node1+359,1650355598.244099,1650355632.7278304,4945634
node6+359,1650355598.5584047,1650355632.770644,4945634
node3+359,1650355598.6187477,1650355632.798157,4945634
node2+360,1650355598.2072089,1650355632.81524,4945634
node5+360,1650355591.1677477,1650355632.8300784,4945634
node7+359,1650355598.5585752,1650355632.8451605,4945634
node7+360,1650355598.611832,1650355632.8617167,4945634
node8+361,1650355598.5582383,1650355632.880816,4945634
node1+364,1650355598.7306888,1650355632.8970606,4945634
node8+365,1650355598.7669299,1650355632.9132974,4945634
node7+363,1650355598.765074,1650355632.930485,4945634
node6+366,1650355598.9189365,1650355632.94997,4945634
node5+366,1650355591.4324505,1650355632.9733598,4945634
node4+366,1650355598.78314,1650355632.9995184,4945634
node8+367,1650355598.869432,1650355633.01188,4945634
node4+368,1650355598.891179,1650355633.027513,4945634
node1+370,1650355599.0513232,1650355633.0480356,4945634
node3+369,1650355599.147466,1650355633.0591772,4945634
node8+369,1650355598.974203,1650355633.0776136,4945634
node7+367,1650355598.9742951,1650355633.0918584,4945634
node1+371,1650355599.103513,1650355635.170974,5140059
node7+368,1650355599.026824,1650355635.195962,5140059
node3+371,1650355599.2488325,1650355635.3565233,5151847
node4+373,1650355599.1544752,1650355635.377771,5151847
node1+375,1650355599.3133397,1650355636.0404246,5216142
node4+375,1650355599.2635489,1650355636.0600245,5216142
node6+374,1650355599.328741,1650355636.0895767,5216142
node2+375,1650355599.2600982,1650355636.1092854,5216142
node1+377,1650355599.4182832,1650355636.1387067,5216142
node8+376,1650355599.3421388,1650355636.669699,5260487
node3+377,1650355599.5546803,1650355636.6908088,5260487
node4+379,1650355599.4706278,1650355637.1930563,5301108
node2+379,1650355599.46928,1650355637.3808255,5312189
node3+379,1650355599.6559415,1650355637.399136,5312189
node3+383,1650355599.8604422,1650355637.551117,5323277
node7+384,1650355599.8600287,1650355637.5654075,5323277
node2+383,1650355599.6760457,1650355637.5855143,5323277
node7+385,1650355599.910781,1650355637.603322,5323277
node1+386,1650355599.8864102,1650355637.6522794,5323277
node8+386,1650355599.857967,1650355638.2106304,5369290
node2+387,1650355599.8815465,1650355638.2549708,5369290
node6+388,1650355600.1647933,1650355638.5197558,5391991
node7+388,1650355600.1796615,1650355638.5434732,5391991
node1+389,1650355600.1210096,1650355638.5533476,5391991
node5+389,1650355592.1854415,1650355638.5725658,5391991
node4+390,1650355600.1645923,1650355638.6070464,5391991
node5+390,1650355592.3920176,1650355638.6306276,5391991
node8+391,1650355600.2356913,1650355638.6585972,5391991
node8+393,1650355600.3443396,1650355639.598993,5462833
node7+395,1650355600.5705316,1650355639.6335926,5462833
node8+395,1650355600.4540699,1650355639.65774,5462833
node4+396,1650355600.4780273,1650355639.901733,5486005
node2+397,1650355600.5154579,1650355639.979975,5491906
node8+397,1650355600.5591354,1650355640.0036077,5491906
node1+397,1650355600.5636833,1650355640.0134075,5491906
node4+398,1650355600.5867693,1650355640.0266354,5491906
node3+399,1650355601.0308506,1650355640.060269,5491906
node7+398,1650355600.9128559,1650355640.0853958,5491906
node4+400,1650355600.9130716,1650355640.4484165,5523189
node5+400,1650355592.7422442,1650355640.4620912,5523189
node3+401,1650355601.138933,1650355640.5165522,5523189
node7+400,1650355601.0305226,1650355640.5489695,5523189
node4+402,1650355601.0238407,1650355640.5739946,5523189
node2+403,1650355601.0306857,1650355640.6030443,5523189
node7+402,1650355601.136053,1650355640.619142,5523189
node5+403,1650355592.7924478,1650355640.6416435,5523189
node1+403,1650355601.0863242,1650355641.3350658,5576202
node4+405,1650355601.1791933,1650355641.3685179,5576202
node1+405,1650355601.1950736,1650355641.6912172,5605595
node2+405,1650355601.1411982,1650355641.7118745,5605595
node8+405,1650355601.1935797,1650355641.7322145,5605595
node3+406,1650355601.3967903,1650355642.1313121,5634281
node6+407,1650355601.3684394,1650355642.160163,5634281
node4+408,1650355601.334061,1650355642.6359355,5672137
node5+407,1650355592.9461763,1650355642.6597083,5672137
node4+409,1650355601.384952,1650355642.6905708,5672137
node3+409,1650355601.5574238,1650355642.7191653,5672137
node7+408,1650355601.4431086,1650355643.118376,5697582
node6+409,1650355601.4700062,1650355643.1321502,5697582
node5+409,1650355592.996417,1650355643.1579669,5697582
node8+409,1650355601.401197,1650355643.3191566,5707956
node5+411,1650355593.1229115,1650355643.3444417,5707956
node7+410,1650355601.5572631,1650355643.3820024,5707956
node3+413,1650355601.8612127,1650355643.6893365,5730272
node4+414,1650355601.6096673,1650355643.7099533,5730272
node7+414,1650355601.8614106,1650355643.722635,5730272
node1+416,1650355601.8646665,1650355643.7385345,5730272
node8+415,1650355601.7168775,1650355643.780388,5730272
node2+416,1650355601.722491,1650355643.807302,5730272
node3+417,1650355602.0739837,1650355643.824061,5730272
node1+417,1650355601.9260392,1650355643.8528984,5730272
node8+417,1650355601.9249904,1650355643.8693635,5730272
node6+417,1650355602.0145042,1650355643.8827052,5730272
node5+417,1650355593.2719493,1650355643.8994515,5730272
node1+419,1650355602.0339785,1650355643.9153583,5730272
node3+420,1650355602.2642272,1650355643.9228349,5730272
node2+420,1650355602.0377824,1650355643.9301271,5730272
node7+419,1650355602.1307826,1650355643.959961,5730272
node5+420,1650355593.3695884,1650355643.977536,5730272
node2+422,1650355602.1450698,1650355644.0046654,5730272
node3+423,1650355602.4197237,1650355644.0267668,5730272
node5+422,1650355593.550539,1650355644.0462759,5730272
node5+423,1650355593.6012833,1650355644.0674698,5730272
node7+423,1650355602.3878949,1650355646.4448116,5902166
node2+424,1650355602.2763512,1650355646.475551,5902166
node1+425,1650355602.3892996,1650355647.3904068,5940519
node4+426,1650355602.4439232,1650355647.423472,5940519
node7+425,1650355602.4948235,1650355647.8646386,5981247
node2+426,1650355602.3805647,1650355647.891883,5981247
node1+427,1650355602.497969,1650355647.9227355,5981247
node4+428,1650355602.5491579,1650355648.3563538,6013174
node7+427,1650355602.5977342,1650355648.3848522,6013174
node2+428,1650355602.4829743,1650355648.4111867,6013174
node3+430,1650355603.0114794,1650355648.4477043,6013174
node4+430,1650355602.6544738,1650355648.478734,6013174
node3+431,1650355603.0622845,1650355648.5156581,6013174
node7+429,1650355602.7018037,1650355648.5317266,6013174
node3+433,1650355603.164402,1650355648.5524793,6013174
node7+432,1650355603.07171,1650355648.5652537,6013174
node1+433,1650355603.017895,1650355648.5781446,6013174
node2+435,1650355603.07221,1650355648.5969203,6013174
node1+437,1650355603.2377017,1650355648.6579578,6013174
node3+439,1650355603.4775863,1650355648.6766107,6013174
node6+439,1650355603.4276597,1650355648.7153301,6013174
node3+442,1650355603.6344144,1650355650.8147962,6170086
node6+443,1650355603.637023,1650355650.8301003,6170086
node4+443,1650355603.6137023,1650355650.86923,6170086
node7+442,1650355603.6099055,1650355650.9039733,6170086
node2+444,1650355603.55587,1650355651.6362011,6222887
node6+447,1650355603.8433306,1650355651.6521795,6222887
node4+447,1650355603.769573,1650355651.6808028,6222887
node7+445,1650355603.7641647,1650355651.6917624,6222887
node2+448,1650355603.762798,1650355651.7002068,6222887
node4+449,1650355603.8719084,1650355651.7085056,6222887
node6+450,1650355603.9975247,1650355651.729081,6222887
node5+448,1650355594.2046251,1650355651.7560914,6222887
node6+452,1650355604.101165,1650355653.0835268,6317765
node4+453,1650355604.0821238,1650355653.48131,6357336
node2+453,1650355604.0243647,1650355653.5330803,6357336
node7+452,1650355604.1387212,1650355653.5578215,6357336
node8+455,1650355604.1872094,1650355653.6112926,6357336
node6+457,1650355604.4708395,1650355653.6623552,6357336
node5+455,1650355594.3806987,1650355653.6748574,6357336
node3+459,1650355604.6265209,1650355653.7137218,6357336
node1+456,1650355604.3141432,1650355653.7629414,6357336
node4+457,1650355604.3794491,1650355653.8203828,6357336
node4+459,1650355604.5037906,1650355655.6473262,6471641
node6+460,1650355604.6260467,1650355655.8823743,6482771
node1+459,1650355604.503653,1650355655.9091432,6482771
node3+462,1650355604.9664555,1650355655.9303684,6482771
node5+459,1650355594.7539456,1650355655.9525545,6482771
node6+461,1650355604.680267,1650355656.1691105,6499879
node4+461,1650355604.6142282,1650355656.1845868,6499879
node1+461,1650355604.607575,1650355656.2439036,6499879
node7+460,1650355604.647826,1650355656.260664,6499879
node5+461,1650355594.8132918,1650355656.2719922,6499879
node2+463,1650355604.6544144,1650355656.8327363,6535203
node6+464,1650355605.0090685,1650355656.8474379,6535203
node6+465,1650355605.0607271,1650355656.8827527,6535203
node5+464,1650355595.1199489,1650355656.9082522,6535203
node2+466,1650355604.9666545,1650355657.792226,6586762
node7+464,1650355605.0092106,1650355657.816192,6586762
node1+466,1650355605.0183656,1650355657.8413377,6586762
node5+466,1650355595.1969934,1650355657.8915389,6586762
node4+467,1650355605.0805218,1650355657.9334748,6586762
node6+468,1650355605.7359858,1650355657.9798522,6586762
node4+468,1650355605.1317313,1650355658.0336564,6586762
node6+469,1650355605.7935343,1650355658.5083692,6616386
node1+468,1650355605.1248147,1650355658.5586045,6616386
node2+469,1650355605.1416814,1650355658.6215684,6616386
node4+469,1650355605.183277,1650355658.6649253,6616386
node8+470,1650355605.7881196,1650355658.699604,6616386
node5+469,1650355595.6110103,1650355658.7333531,6616386
node3+471,1650355605.9618454,1650355658.783986,6616386
node1+470,1650355605.7362304,1650355658.8495903,6616386
node3+472,1650355606.0147514,1650355658.9253707,6616386
node7+469,1650355605.7982295,1650355659.0007007,6616386
node8+471,1650355605.8408132,1650355659.8981812,6663846
node6+472,1650355605.9574466,1650355659.9151874,6663846
node2+471,1650355605.7883208,1650355659.9607196,6663846
node7+470,1650355605.8589818,1650355660.025987,6663846
node2+473,1650355605.8975368,1650355660.0586498,6663846
node3+474,1650355606.1220741,1650355660.1190012,6663846
node6+474,1650355606.0643632,1650355660.1578975,6663846
node2+475,1650355606.0106547,1650355660.212421,6663846
node5+474,1650355596.0215952,1650355660.28593,6663846
node6+476,1650355606.1695065,1650355660.3397498,6663846
node2+476,1650355606.064551,1650355660.3982356,6663846
node7+474,1650355606.0746636,1650355660.4254267,6663846
node8+476,1650355606.1218522,1650355660.4825633,6663846
node4+476,1650355606.0884166,1650355660.5482848,6663846
node2+478,1650355606.178214,1650355661.5495677,6726594
node4+478,1650355606.192834,1650355661.635981,6726594
node2+479,1650355606.2315133,1650355661.6607566,6726594
node5+477,1650355596.1982753,1650355661.7259302,6726594
node7+477,1650355606.2347808,1650355661.7727623,6726594
node3+480,1650355606.459386,1650355661.8231046,6726594
node1+478,1650355606.2006023,1650355661.880036,6726594
node1+479,1650355606.2518272,1650355661.919799,6726594
node7+478,1650355606.2939286,1650355661.9695694,6726594
node3+481,1650355606.5109713,1650355662.0047488,6726594
node1+482,1650355606.412192,1650355662.0889194,6726594
node3+482,1650355606.5669072,1650355662.1643,6726594
node6+481,1650355606.4331315,1650355662.1862006,6726594
node5+481,1650355596.3488817,1650355662.1970887,6726594
node7+480,1650355606.4161727,1650355663.9795353,6836620
node8+483,1650355606.48526,1650355664.0302525,6836620
node1+483,1650355606.4650955,1650355664.0424528,6836620
node4+483,1650355606.4715056,1650355664.0534644,6836620
node2+484,1650355606.5088322,1650355664.069042,6836620
node6+485,1650355606.6448207,1650355664.0835214,6836620
node8+485,1650355606.5910528,1650355664.0949242,6836620
node1+485,1650355606.5704372,1650355664.1212006,6836620
node6+486,1650355606.6966577,1650355664.137642,6836620
node5+484,1650355596.4511418,1650355664.161544,6836620
node2+485,1650355606.5622582,1650355664.2316558,6836620
node1+486,1650355606.622572,1650355664.263974,6836620
node7+485,1650355606.6906283,1650355664.31594,6836620
node4+487,1650355606.6920347,1650355665.9767497,6939128
node7+486,1650355606.7462015,1650355666.0210745,6939128
node4+488,1650355606.7522466,1650355666.0859382,6939128
node1+489,1650355606.8035343,1650355667.3918908,7014821
node7+488,1650355606.8621764,1650355667.4020917,7014821
node3+490,1650355607.0923061,1650355667.418135,7014821
node6+491,1650355607.0918467,1650355667.4395785,7014821
node8+490,1650355606.9040015,1650355667.4734087,7014821
node2+490,1650355606.8589773,1650355667.4955168,7014821
node4+491,1650355606.9231336,1650355668.1502242,7043969
node2+491,1650355606.9169424,1650355668.4191663,7060685
node7+490,1650355606.9731615,1650355668.492062,7060685
node1+492,1650355606.9780345,1650355668.5307887,7060685
node6+494,1650355607.2714622,1650355668.558701,7060685
node7+492,1650355607.1516907,1650355668.6119275,7060685
node5+492,1650355596.7215776,1650355669.6069345,7112240
node2+493,1650355607.0976822,1650355669.6342235,7112240
node3+495,1650355607.3620634,1650355669.6458728,7112240
node1+495,1650355607.2160978,1650355669.6584911,7112240
node2+495,1650355607.2142415,1650355669.695256,7112240
node4+496,1650355607.2675374,1650355669.726947,7112240
node3+499,1650355607.5694933,1650355669.7577245,7112240
node6+499,1650355607.5467248,1650355669.7874346,7112240
node6+501,1650355607.6504922,1650355669.8049479,7112240
node5+499,1650355597.1985714,1650355669.8722615,7112240
node8+500,1650355607.5034235,1650355669.9649024,7112240
node6+502,1650355607.7823858,1650355670.0193448,7112240
node4+500,1650355607.4790163,1650355670.1212454,7112240
node5+500,1650355597.2490935,1650355670.1713119,7112240
node3+501,1650355607.776271,1650355670.243918,7112240
node2+501,1650355607.5333955,1650355670.3168132,7112240
node1+500,1650355607.4902172,1650355670.369282,7112240
node4+502,1650355607.5842535,1650355670.4377403,7112240
node8+502,1650355607.6061153,1650355670.512599,7112240
node7+502,1650355607.7764997,1650355670.5763152,7112240
node3+505,1650355608.0100489,1650355670.640786,7112240
node8+504,1650355607.8266816,1650355670.7122574,7112240
node3+506,1650355608.0637612,1650355670.7850852,7112240
node4+506,1650355607.9031549,1650355674.9941125,7365033
node5+506,1650355597.4283712,1650355675.0452032,7365033
node2+507,1650355607.9578364,1650355675.0848823,7365033
node1+507,1650355607.9576433,1650355675.1440501,7365033
node3+509,1650355608.2240255,1650355675.1846647,7365033
node4+509,1650355608.070267,1650355675.2214649,7365033
node5+509,1650355597.554847,1650355675.2564948,7365033
node7+508,1650355608.116143,1650355675.2898617,7365033
node4+510,1650355608.1256156,1650355675.3012064,7365033
node8+510,1650355608.1635618,1650355675.3125422,7365033
node3+515,1650355608.6927166,1650355675.326318,7365033
node6+512,1650355608.4768188,1650355675.3398423,7365033
node7+509,1650355608.16988,1650355677.101598,7444602
